Image,X-coordinate,Y-coordinate,Width,Height
real_00001.jpg,156,147,419,419
real_00002.jpg,81,141,434,434
real_00003.jpg,262,13,125,125
real_00003.jpg,32,117,368,368
real_00004.jpg,130,169,362,362
real_00005.jpg,60,202,332,332
real_00006.jpg,68,64,466,466
real_00007.jpg,340,386,88,88
real_00007.jpg,224,214,80,80
real_00008.jpg,263,220,233,233
real_00008.jpg,326,431,86,86
real_00010.jpg,18,88,446,446
real_00011.jpg,92,134,426,426
real_00012.jpg,113,188,379,379
real_00013.jpg,82,147,408,408
real_00014.jpg,288,9,45,45
real_00014.jpg,79,111,436,436
real_00015.jpg,75,96,444,444
real_00017.jpg,80,123,453,453
real_00019.jpg,92,207,356,356
real_00020.jpg,210,117,181,181
real_00020.jpg,401,235,37,37
real_00021.jpg,97,140,422,422
real_00022.jpg,48,53,445,445
real_00023.jpg,65,43,478,478
real_00024.jpg,72,59,498,498
real_00025.jpg,93,124,436,436
real_00026.jpg,16,90,479,479
real_00026.jpg,123,360,128,128
real_00027.jpg,32,66,494,494
real_00028.jpg,71,87,432,432
real_00030.jpg,84,163,404,404
real_00031.jpg,14,169,408,408
real_00032.jpg,118,170,404,404
real_00033.jpg,62,51,482,482
real_00035.jpg,111,177,395,395
real_00036.jpg,215,201,287,287
real_00037.jpg,59,98,487,487
real_00038.jpg,111,159,391,391
real_00040.jpg,75,142,366,366
real_00041.jpg,65,81,434,434
real_00042.jpg,167,128,399,399
real_00043.jpg,147,122,426,426
real_00044.jpg,99,128,414,414
real_00045.jpg,161,144,387,387
real_00045.jpg,37,116,420,420
real_00046.jpg,52,131,433,433
real_00047.jpg,159,307,89,89
real_00047.jpg,114,92,449,449
real_00047.jpg,99,477,73,73
real_00048.jpg,112,132,395,395
real_00049.jpg,13,562,27,27
real_00049.jpg,91,175,387,387
real_00049.jpg,5,375,99,99
real_00050.jpg,183,143,369,369
real_00051.jpg,62,172,350,350
real_00052.jpg,94,193,379,379
real_00053.jpg,126,149,390,390
real_00054.jpg,124,129,423,423
real_00055.jpg,495,474,71,71
real_00055.jpg,252,312,60,60
real_00057.jpg,128,348,124,124
real_00058.jpg,35,38,532,532
real_00059.jpg,70,140,429,429
real_00060.jpg,88,22,469,469
real_00061.jpg,59,30,471,471
real_00062.jpg,141,184,379,379
real_00063.jpg,11,64,476,476
real_00064.jpg,74,110,434,434
real_00065.jpg,101,127,421,421
real_00067.jpg,80,85,464,464
real_00068.jpg,74,155,417,417
real_00069.jpg,35,90,503,503
real_00071.jpg,93,159,377,377
real_00072.jpg,310,397,35,35
real_00073.jpg,514,21,80,80
real_00073.jpg,40,159,406,406
real_00074.jpg,151,146,422,422
real_00075.jpg,29,110,434,434
real_00076.jpg,70,60,455,455
real_00077.jpg,347,157,51,51
real_00078.jpg,66,103,447,447
real_00079.jpg,48,148,386,386
real_00080.jpg,117,121,464,464
real_00082.jpg,69,97,471,471
real_00083.jpg,113,231,349,349
real_00084.jpg,40,102,473,473
real_00085.jpg,49,61,468,468
real_00086.jpg,61,128,389,389
real_00087.jpg,101,202,351,351
real_00088.jpg,109,132,453,453
real_00089.jpg,89,180,411,411
real_00090.jpg,70,75,490,490
real_00091.jpg,34,97,471,471
real_00092.jpg,46,186,393,393
real_00093.jpg,117,161,423,423
real_00094.jpg,19,32,548,548
real_00095.jpg,59,139,426,426
real_00096.jpg,76,128,436,436
real_00097.jpg,28,382,52,52
real_00100.jpg,26,98,469,469
real_00101.jpg,63,75,471,471
real_00102.jpg,92,121,431,431
real_00103.jpg,303,123,58,58
real_00104.jpg,29,1,55,55
real_00104.jpg,137,188,391,391
real_00105.jpg,263,231,80,80
real_00106.jpg,87,80,464,464
real_00107.jpg,79,154,390,390
real_00108.jpg,69,146,443,443
real_00109.jpg,47,55,508,508
real_00110.jpg,73,120,402,402
real_00111.jpg,23,167,373,373
real_00112.jpg,176,141,358,358
real_00113.jpg,82,115,476,476
real_00114.jpg,55,106,403,403
real_00114.jpg,386,203,156,156
real_00115.jpg,93,126,409,409
real_00116.jpg,132,159,367,367
real_00117.jpg,158,190,343,343
real_00119.jpg,187,112,387,387
real_00120.jpg,72,103,473,473
real_00121.jpg,72,121,439,439
real_00122.jpg,31,71,516,516
real_00123.jpg,105,144,424,424
real_00124.jpg,111,161,394,394
real_00125.jpg,78,127,401,401
real_00126.jpg,101,140,424,424
real_00127.jpg,90,172,356,356
real_00128.jpg,57,29,509,509
real_00129.jpg,31,41,458,458
real_00130.jpg,105,109,390,390
real_00131.jpg,115,174,381,381
real_00132.jpg,79,99,432,432
real_00133.jpg,52,24,485,485
real_00134.jpg,65,96,464,464
real_00135.jpg,99,195,383,383
real_00136.jpg,53,117,442,442
real_00137.jpg,83,122,447,447
real_00138.jpg,74,111,400,400
real_00139.jpg,105,131,453,453
real_00140.jpg,98,168,393,393
real_00141.jpg,87,137,409,409
real_00142.jpg,75,109,426,426
real_00143.jpg,181,142,337,337
real_00144.jpg,78,97,444,444
real_00145.jpg,94,124,410,410
real_00146.jpg,37,9,468,468
real_00149.jpg,70,189,300,300
real_00150.jpg,44,90,487,487
real_00151.jpg,81,119,431,431
real_00152.jpg,85,165,377,377
real_00153.jpg,117,372,97,97
real_00154.jpg,62,148,402,402
real_00156.jpg,158,167,410,410
real_00157.jpg,67,57,458,458
real_00158.jpg,50,113,462,462
real_00159.jpg,116,107,431,431
real_00160.jpg,102,180,366,366
real_00161.jpg,20,122,399,399
real_00163.jpg,26,121,447,447
real_00164.jpg,92,130,418,418
real_00165.jpg,32,198,153,153
real_00165.jpg,194,96,392,392
real_00166.jpg,27,440,127,127
real_00166.jpg,117,166,367,367
real_00167.jpg,115,167,386,386
real_00168.jpg,91,309,28,28
real_00168.jpg,126,186,360,360
real_00168.jpg,80,426,70,70
real_00169.jpg,133,4,51,51
real_00169.jpg,175,189,386,386
real_00170.jpg,53,133,448,448
real_00171.jpg,72,96,448,448
real_00172.jpg,66,131,414,414
real_00173.jpg,70,144,417,417
real_00174.jpg,90,104,429,429
real_00175.jpg,69,118,420,420
real_00175.jpg,195,8,57,57
real_00176.jpg,67,162,403,403
real_00177.jpg,33,288,258,258
real_00177.jpg,121,219,105,105
real_00178.jpg,43,65,458,458
real_00179.jpg,210,185,356,356
real_00180.jpg,110,195,378,378
real_00181.jpg,58,167,407,407
real_00182.jpg,116,197,364,364
real_00183.jpg,68,137,445,445
real_00184.jpg,110,200,377,377
real_00185.jpg,106,170,377,377
real_00185.jpg,503,82,30,30
real_00186.jpg,103,111,440,440
real_00187.jpg,86,32,405,405
real_00188.jpg,111,129,403,403
real_00189.jpg,140,153,373,373
real_00190.jpg,31,66,460,460
real_00191.jpg,125,136,391,391
real_00192.jpg,42,182,380,380
real_00193.jpg,242,162,347,347
real_00193.jpg,78,150,387,387
real_00194.jpg,60,143,384,384
real_00195.jpg,74,150,348,348
real_00196.jpg,41,141,425,425
real_00197.jpg,49,204,363,363
real_00198.jpg,150,255,116,116
real_00198.jpg,105,65,335,335
real_00200.jpg,98,38,423,423
real_00201.jpg,68,67,471,471
real_00203.jpg,75,3,478,478
real_00204.jpg,37,34,489,489
real_00205.jpg,99,199,369,369
real_00206.jpg,60,141,417,417
real_00207.jpg,37,137,411,411
real_00208.jpg,111,132,402,402
real_00209.jpg,112,199,365,365
real_00210.jpg,59,117,424,424
real_00211.jpg,147,131,391,391
real_00211.jpg,28,467,48,48
real_00212.jpg,23,205,75,75
real_00212.jpg,9,48,516,516
real_00213.jpg,62,96,455,455
real_00214.jpg,62,137,432,432
real_00216.jpg,101,165,387,387
real_00217.jpg,49,46,536,536
real_00218.jpg,70,18,485,485
real_00219.jpg,124,384,63,63
real_00219.jpg,39,350,97,97
real_00219.jpg,533,436,63,63
real_00220.jpg,38,149,413,413
real_00221.jpg,78,141,408,408
real_00222.jpg,159,310,251,251
real_00225.jpg,115,195,383,383
real_00226.jpg,110,97,435,435
real_00227.jpg,95,121,428,428
real_00229.jpg,84,160,395,395
real_00230.jpg,117,209,369,369
real_00231.jpg,90,171,336,336
real_00232.jpg,64,98,438,438
real_00233.jpg,74,118,432,432
real_00234.jpg,100,105,408,408
real_00235.jpg,115,133,432,432
real_00236.jpg,41,82,474,474
real_00237.jpg,53,56,492,492
real_00238.jpg,24,32,511,511
real_00239.jpg,87,171,411,411
real_00239.jpg,442,74,59,59
real_00241.jpg,80,120,418,418
real_00242.jpg,98,157,383,383
real_00243.jpg,57,156,371,371
real_00243.jpg,241,55,50,50
real_00244.jpg,104,140,414,414
real_00245.jpg,82,137,395,395
real_00246.jpg,36,108,437,437
real_00248.jpg,131,180,362,362
real_00248.jpg,293,74,119,119
real_00249.jpg,62,120,430,430
real_00250.jpg,482,353,52,52
real_00251.jpg,94,144,390,390
real_00252.jpg,108,160,389,389
real_00253.jpg,55,32,457,457
real_00254.jpg,116,188,377,377
real_00255.jpg,387,263,101,101
real_00255.jpg,207,190,178,178
real_00255.jpg,378,222,104,104
real_00256.jpg,121,143,390,390
real_00257.jpg,92,114,436,436
real_00258.jpg,86,60,436,436
real_00259.jpg,319,451,104,104
real_00259.jpg,221,352,123,123
real_00260.jpg,81,126,408,408
real_00261.jpg,110,187,401,401
real_00262.jpg,109,173,382,382
real_00262.jpg,88,84,50,50
real_00263.jpg,99,177,391,391
real_00264.jpg,85,121,432,432
real_00265.jpg,71,80,454,454
real_00266.jpg,24,140,405,405
real_00267.jpg,151,192,371,371
real_00267.jpg,44,308,82,82
real_00268.jpg,63,143,386,386
real_00270.jpg,116,171,426,426
real_00271.jpg,55,104,455,455
real_00272.jpg,27,54,476,476
real_00273.jpg,111,148,417,417
real_00273.jpg,21,228,46,46
real_00274.jpg,85,161,430,430
real_00274.jpg,456,226,52,52
real_00276.jpg,86,184,339,339
real_00277.jpg,111,183,381,381
real_00278.jpg,96,190,365,365
real_00279.jpg,142,204,376,376
real_00280.jpg,72,72,487,487
real_00281.jpg,77,164,400,400
real_00283.jpg,46,133,422,422
real_00284.jpg,21,150,435,435
real_00285.jpg,34,104,468,468
real_00286.jpg,89,196,384,384
real_00287.jpg,158,180,392,392
real_00288.jpg,43,144,341,341
real_00289.jpg,56,167,410,410
real_00290.jpg,8,2,122,122
real_00290.jpg,83,117,444,444
real_00291.jpg,73,150,419,419
real_00292.jpg,191,209,353,353
real_00293.jpg,86,120,448,448
real_00294.jpg,127,160,390,390
real_00295.jpg,68,107,442,442
real_00296.jpg,133,185,395,395
real_00297.jpg,109,195,367,367
real_00298.jpg,106,206,352,352
real_00299.jpg,30,175,385,385
real_00300.jpg,92,172,402,402
real_00301.jpg,89,183,360,360
real_00302.jpg,68,130,378,378
real_00303.jpg,111,189,368,368
real_00304.jpg,71,104,470,470
real_00305.jpg,131,173,378,378
real_00305.jpg,493,51,66,66
real_00306.jpg,100,200,348,348
real_00307.jpg,47,100,413,413
real_00308.jpg,53,164,74,74
real_00310.jpg,24,139,393,393
real_00311.jpg,50,137,437,437
real_00312.jpg,84,204,380,380
real_00313.jpg,81,110,418,418
real_00314.jpg,132,246,226,226
real_00315.jpg,109,200,381,381
real_00316.jpg,27,100,422,422
real_00317.jpg,112,183,397,397
real_00317.jpg,176,97,62,62
real_00320.jpg,2,184,57,57
real_00321.jpg,57,78,441,441
real_00322.jpg,104,205,378,378
real_00324.jpg,80,104,416,416
real_00325.jpg,103,159,413,413
real_00326.jpg,19,84,436,436
real_00327.jpg,550,189,30,30
real_00328.jpg,34,97,480,480
real_00329.jpg,97,46,480,480
real_00330.jpg,58,77,470,470
real_00331(1).jpg,120,131,431,431
real_00331.jpg,120,131,431,431
real_00332.jpg,111,163,399,399
real_00333.jpg,33,92,440,440
real_00334.jpg,77,169,393,393
real_00336.jpg,49,192,364,364
real_00337.jpg,91,137,413,413
real_00340.jpg,74,120,426,426
real_00341.jpg,133,71,445,445
real_00342.jpg,124,357,144,144
real_00343.jpg,57,196,382,382
real_00344.jpg,49,40,515,515
real_00345.jpg,133,100,423,423
real_00346.jpg,118,63,438,438
real_00347.jpg,143,159,430,430
real_00348.jpg,75,73,450,450
real_00349.jpg,64,167,400,400
real_00351.jpg,102,229,364,364
real_00352.jpg,107,156,384,384
real_00353.jpg,143,193,341,341
real_00354.jpg,76,342,57,57
real_00354.jpg,161,151,416,416
real_00355.jpg,105,179,402,402
real_00356.jpg,43,137,447,447
real_00357.jpg,120,194,360,360
real_00358.jpg,135,171,412,412
real_00359.jpg,95,163,404,404
real_00360.jpg,69,115,431,431
real_00361.jpg,63,83,442,442
real_00362.jpg,467,16,94,94
real_00362.jpg,221,206,297,297
real_00363.jpg,144,184,397,397
real_00365.jpg,57,148,425,425
real_00367.jpg,62,139,424,424
real_00368.jpg,102,144,415,415
real_00369.jpg,53,41,62,62
real_00370.jpg,56,145,407,407
real_00371.jpg,111,31,447,447
real_00372.jpg,461,29,67,67
real_00372.jpg,147,146,411,411
real_00373.jpg,129,169,401,401
real_00373.jpg,27,476,26,26
real_00374.jpg,355,203,63,63
real_00375.jpg,504,270,88,88
real_00375.jpg,37,36,478,478
real_00376.jpg,84,171,389,389
real_00377.jpg,112,173,389,389
real_00378.jpg,145,11,28,28
real_00378.jpg,80,168,400,400
real_00379.jpg,52,155,424,424
real_00380.jpg,164,144,337,337
real_00381.jpg,57,93,445,445
real_00382.jpg,94,112,414,414
real_00383.jpg,24,61,489,489
real_00385.jpg,504,100,62,62
real_00385.jpg,64,174,350,350
real_00386.jpg,120,77,426,426
real_00387.jpg,88,124,438,438
real_00388.jpg,44,184,388,388
real_00390.jpg,68,67,482,482
real_00391.jpg,104,131,389,389
real_00392.jpg,134,154,380,380
real_00393.jpg,129,165,411,411
real_00394.jpg,89,107,452,452
real_00395.jpg,106,102,420,420
real_00396.jpg,101,165,371,371
real_00397.jpg,110,150,406,406
real_00398.jpg,56,95,451,451
real_00399.jpg,56,76,445,445
real_00400.jpg,70,60,452,452
real_00401.jpg,74,85,451,451
real_00403.jpg,108,229,346,346
real_00404.jpg,107,168,411,411
real_00404.jpg,8,346,63,63
real_00404.jpg,217,85,325,325
real_00405.jpg,34,124,430,430
real_00406.jpg,76,122,382,382
real_00407.jpg,61,106,420,420
real_00408.jpg,65,61,473,473
real_00409.jpg,457,321,75,75
real_00409.jpg,32,115,350,350
real_00410.jpg,115,71,423,423
real_00411.jpg,92,138,411,411
real_00412.jpg,28,159,287,287
real_00412.jpg,116,117,399,399
real_00413.jpg,5,298,58,58
real_00413.jpg,420,44,59,59
real_00414.jpg,168,248,325,325
real_00415.jpg,93,169,373,373
real_00416.jpg,92,185,351,351
real_00417.jpg,133,132,209,209
real_00417.jpg,103,132,428,428
real_00418.jpg,123,137,390,390
real_00419.jpg,27,39,442,442
real_00420.jpg,16,153,361,361
real_00421.jpg,93,156,405,405
real_00422.jpg,83,61,456,456
real_00423.jpg,266,138,62,62
real_00423.jpg,84,130,68,68
real_00424.jpg,58,86,436,436
real_00425.jpg,75,136,434,434
real_00426.jpg,108,155,420,420
real_00427.jpg,68,133,448,448
real_00428.jpg,65,436,58,58
real_00428.jpg,235,345,182,182
real_00429.jpg,60,98,433,433
real_00430.jpg,103,126,432,432
real_00431.jpg,128,126,406,406
real_00432.jpg,65,128,443,443
real_00432.jpg,411,7,66,66
real_00434.jpg,119,195,348,348
real_00435.jpg,200,293,64,64
real_00436.jpg,102,136,418,418
real_00437.jpg,64,94,452,452
real_00438.jpg,143,129,408,408
real_00439.jpg,33,117,385,385
real_00440.jpg,111,115,420,420
real_00441.jpg,73,65,436,436
real_00442.jpg,90,123,420,420
real_00443.jpg,250,334,80,80
real_00444.jpg,35,19,496,496
real_00445.jpg,45,92,465,465
real_00446.jpg,78,112,426,426
real_00447.jpg,75,82,479,479
real_00448.jpg,98,158,402,402
real_00449.jpg,75,143,434,434
real_00450.jpg,89,137,430,430
real_00451.jpg,138,148,359,359
real_00452.jpg,476,277,68,68
real_00452.jpg,47,191,248,248
real_00453.jpg,73,111,457,457
real_00454.jpg,66,97,437,437
real_00455.jpg,97,194,377,377
real_00456(1).jpg,111,114,420,420
real_00456.jpg,111,114,420,420
real_00457.jpg,83,127,423,423
real_00458.jpg,64,65,475,475
real_00459.jpg,110,207,347,347
real_00460.jpg,80,95,433,433
real_00461.jpg,69,58,463,463
real_00462.jpg,118,211,338,338
real_00463.jpg,123,207,228,228
real_00464.jpg,126,156,358,358
real_00465.jpg,67,191,348,348
real_00466.jpg,219,354,176,176
real_00467.jpg,110,165,371,371
real_00468.jpg,96,103,438,438
real_00469.jpg,120,218,349,349
real_00470.jpg,48,91,466,466
real_00471.jpg,112,316,97,97
real_00472.jpg,103,135,402,402
real_00473.jpg,52,78,447,447
real_00474.jpg,83,169,407,407
real_00475.jpg,74,163,402,402
real_00476.jpg,125,126,429,429
real_00477.jpg,103,165,379,379
real_00478.jpg,75,138,382,382
real_00479.jpg,93,88,170,170
real_00479.jpg,36,10,505,505
real_00480(1).jpg,76,159,422,422
real_00480.jpg,76,159,422,422
real_00481(1).jpg,63,106,463,463
real_00481.jpg,63,106,463,463
real_00482.jpg,11,28,501,501
real_00483.jpg,47,47,499,499
real_00485.jpg,46,165,393,393
real_00486.jpg,130,7,450,450
real_00487.jpg,40,77,462,462
real_00489.jpg,64,183,362,362
real_00490.jpg,102,150,416,416
real_00491.jpg,57,144,379,379
real_00492.jpg,105,111,441,441
real_00493.jpg,190,83,276,276
real_00494(1).jpg,92,137,420,420
real_00494.jpg,92,137,420,420
real_00495(1).jpg,379,313,105,105
real_00495(1).jpg,145,146,431,431
real_00495.jpg,379,313,105,105
real_00495.jpg,145,146,431,431
real_00496.jpg,89,178,371,371
real_00497.jpg,117,220,342,342
real_00498.jpg,82,91,477,477
real_00499.jpg,54,176,388,388
real_00500.jpg,59,92,446,446
real_00501.jpg,11,81,435,435
real_00502.jpg,91,165,402,402
real_00503.jpg,74,125,418,418
real_00504.jpg,538,214,46,46
real_00504.jpg,48,100,440,440
real_00505.jpg,85,76,402,402
real_00506.jpg,80,44,503,503
real_00507.jpg,48,85,486,486
real_00508.jpg,72,88,458,458
real_00509.jpg,105,240,338,338
real_00512.jpg,58,30,487,487
real_00513.jpg,13,289,26,26
real_00513.jpg,410,4,106,106
real_00513.jpg,311,267,202,202
real_00513.jpg,247,365,59,59
real_00515.jpg,25,57,428,428
real_00516.jpg,45,131,442,442
real_00517.jpg,76,115,423,423
real_00518.jpg,53,139,407,407
real_00518.jpg,454,234,101,101
real_00520.jpg,59,134,395,395
real_00521.jpg,70,146,413,413
real_00523.jpg,115,149,386,386
real_00524.jpg,89,167,377,377
real_00525.jpg,65,73,445,445
real_00526.jpg,135,133,417,417
real_00527.jpg,75,113,418,418
real_00528.jpg,92,92,443,443
real_00529.jpg,486,447,58,58
real_00530.jpg,202,119,388,388
real_00531.jpg,119,160,400,400
real_00532.jpg,165,196,363,363
real_00532.jpg,53,260,131,131
real_00533.jpg,116,109,441,441
real_00534.jpg,135,219,340,340
real_00535.jpg,114,157,401,401
real_00536.jpg,380,388,108,108
real_00537.jpg,65,87,459,459
real_00538.jpg,256,145,302,302
real_00538.jpg,271,222,112,112
real_00539.jpg,100,90,443,443
real_00540.jpg,120,156,421,421
real_00541.jpg,56,137,410,410
real_00542.jpg,138,144,372,372
real_00542.jpg,9,243,52,52
real_00543.jpg,162,516,30,30
real_00543.jpg,107,270,323,323
real_00545.jpg,71,89,445,445
real_00546.jpg,70,122,437,437
real_00547.jpg,120,175,337,337
real_00548.jpg,72,113,453,453
real_00549.jpg,74,143,435,435
real_00550.jpg,34,73,492,492
real_00551.jpg,85,139,408,408
real_00552.jpg,90,62,448,448
real_00553.jpg,65,89,467,467
real_00554.jpg,94,147,416,416
real_00555.jpg,88,127,413,413
real_00556.jpg,72,165,388,388
real_00557.jpg,184,155,382,382
real_00558.jpg,106,189,377,377
real_00559.jpg,125,187,383,383
real_00561.jpg,67,149,361,361
real_00562.jpg,88,122,429,429
real_00563.jpg,40,173,332,332
real_00564.jpg,51,159,422,422
real_00565.jpg,88,112,404,404
real_00566.jpg,173,133,377,377
real_00567.jpg,119,149,399,399
real_00568.jpg,62,27,495,495
real_00569.jpg,100,280,44,44
real_00569.jpg,461,201,122,122
real_00570.jpg,48,130,398,398
real_00571.jpg,75,100,438,438
real_00572.jpg,159,216,353,353
real_00573.jpg,98,138,379,379
real_00574.jpg,92,171,395,395
real_00575.jpg,103,103,400,400
real_00576.jpg,9,36,425,425
real_00576.jpg,505,309,61,61
real_00577.jpg,61,304,51,51
real_00577.jpg,2,88,77,77
real_00577.jpg,471,231,91,91
real_00578.jpg,120,83,430,430
real_00579.jpg,63,85,441,441
real_00580.jpg,236,318,33,33
real_00580.jpg,24,6,535,535
real_00581.jpg,75,90,443,443
real_00582.jpg,113,172,401,401
real_00583.jpg,195,318,81,81
real_00583.jpg,48,172,265,265
real_00583.jpg,267,192,240,240
real_00584.jpg,95,153,401,401
real_00585.jpg,108,152,402,402
real_00586.jpg,89,117,440,440
real_00587.jpg,55,85,456,456
real_00588.jpg,139,150,404,404
real_00589.jpg,45,441,46,46
real_00589.jpg,36,456,51,51
real_00590.jpg,174,170,378,378
real_00591.jpg,162,179,369,369
real_00592.jpg,141,142,401,401
real_00593.jpg,388,322,125,125
real_00593.jpg,123,243,91,91
real_00594.jpg,100,120,449,449
real_00595.jpg,63,114,454,454
real_00596.jpg,80,92,438,438
real_00596.jpg,229,287,131,131
real_00597.jpg,69,57,472,472
real_00598.jpg,29,101,492,492
real_00599.jpg,63,115,442,442
real_00600.jpg,111,164,396,396
real_00601.jpg,452,332,66,66
real_00601.jpg,88,195,342,342
real_00603.jpg,14,156,398,398
real_00604.jpg,117,190,366,366
real_00605.jpg,243,387,158,158
real_00605.jpg,100,113,421,421
real_00606.jpg,100,174,382,382
real_00606.jpg,19,299,86,86
real_00610.jpg,34,123,392,392
real_00612.jpg,75,122,456,456
real_00613.jpg,115,139,422,422
real_00614.jpg,154,206,341,341
real_00615.jpg,74,125,432,432
real_00616.jpg,49,143,365,365
real_00617.jpg,102,176,362,362
real_00618.jpg,49,151,389,389
real_00619.jpg,119,150,398,398
real_00620.jpg,70,179,391,391
real_00621.jpg,114,181,400,400
real_00622.jpg,51,113,475,475
real_00624.jpg,84,113,407,407
real_00625.jpg,311,290,238,238
real_00626.jpg,86,134,416,416
real_00629.jpg,57,195,382,382
real_00629.jpg,163,82,163,163
real_00629.jpg,486,42,107,107
real_00631.jpg,42,116,444,444
real_00632.jpg,38,170,363,363
real_00633.jpg,152,89,424,424
real_00634.jpg,435,295,120,120
real_00634.jpg,47,164,381,381
real_00635.jpg,41,141,396,396
real_00636.jpg,22,53,475,475
real_00637.jpg,114,163,388,388
real_00638.jpg,56,171,361,361
real_00639.jpg,40,81,471,471
real_00640.jpg,59,93,456,456
real_00641.jpg,137,124,399,399
real_00642.jpg,79,163,393,393
real_00643.jpg,85,71,427,427
real_00644.jpg,144,219,302,302
real_00645.jpg,97,128,393,393
real_00646.jpg,85,35,470,470
real_00647.jpg,11,459,110,110
real_00647.jpg,113,124,394,394
real_00648.jpg,70,92,458,458
real_00649.jpg,114,29,481,481
real_00650.jpg,387,110,58,58
real_00651.jpg,89,112,405,405
real_00653.jpg,39,186,295,295
real_00654.jpg,90,80,420,420
real_00655.jpg,79,156,428,428
real_00656.jpg,273,115,26,26
real_00656.jpg,335,336,55,55
real_00656.jpg,240,75,41,41
real_00656.jpg,239,263,96,96
real_00656.jpg,101,332,81,81
real_00657.jpg,77,99,419,419
real_00658.jpg,106,227,361,361
real_00659.jpg,162,200,361,361
real_00660.jpg,142,159,400,400
real_00662.jpg,64,176,383,383
real_00663.jpg,141,66,426,426
real_00664.jpg,155,121,395,395
real_00665.jpg,31,115,413,413
real_00666.jpg,406,21,134,134
real_00667.jpg,72,96,460,460
real_00668.jpg,102,177,370,370
real_00669.jpg,111,125,429,429
real_00670.jpg,41,37,484,484
real_00672.jpg,323,180,145,145
real_00672.jpg,137,177,146,146
real_00672.jpg,477,144,82,82
real_00673.jpg,80,127,414,414
real_00674.jpg,154,365,80,80
real_00674.jpg,119,226,88,88
real_00675.jpg,66,69,460,460
real_00676.jpg,116,138,419,419
real_00677.jpg,103,135,412,412
real_00678.jpg,39,104,443,443
real_00679.jpg,73,72,414,414
real_00680.jpg,75,104,466,466
real_00681.jpg,58,138,382,382
real_00682.jpg,128,195,383,383
real_00684.jpg,275,292,90,90
real_00684.jpg,257,252,91,91
real_00685.jpg,148,59,441,441
real_00686.jpg,59,530,36,36
real_00686.jpg,14,32,539,539
real_00687.jpg,74,103,454,454
real_00688.jpg,37,25,537,537
real_00688.jpg,91,245,144,144
real_00689.jpg,108,174,382,382
real_00690.jpg,139,131,422,422
real_00693.jpg,118,156,382,382
real_00694.jpg,103,164,382,382
real_00695.jpg,8,131,426,426
real_00696.jpg,54,34,485,485
real_00697.jpg,431,534,48,48
real_00698.jpg,89,112,403,403
real_00699.jpg,102,171,385,385
real_00701.jpg,77,143,421,421
real_00702.jpg,35,109,437,437
real_00703.jpg,74,47,479,479
real_00704.jpg,398,312,54,54
real_00706.jpg,289,418,62,62
real_00706.jpg,168,428,66,66
real_00706.jpg,25,233,52,52
real_00707.jpg,155,136,412,412
real_00708.jpg,111,142,415,415
real_00709.jpg,231,132,346,346
real_00710.jpg,67,217,354,354
real_00712.jpg,139,173,353,353
real_00713.jpg,125,95,419,419
real_00714.jpg,397,5,60,60
real_00714.jpg,58,114,424,424
real_00715.jpg,134,89,424,424
real_00716.jpg,275,293,96,96
real_00717.jpg,211,147,361,361
real_00718.jpg,358,373,161,161
real_00718.jpg,309,140,273,273
real_00719.jpg,116,203,345,345
real_00720.jpg,52,162,399,399
real_00721.jpg,40,89,341,341
real_00724.jpg,143,90,372,372
real_00725.jpg,42,107,447,447
real_00726.jpg,74,147,377,377
real_00727.jpg,70,145,408,408
real_00728.jpg,30,23,533,533
real_00729.jpg,61,130,468,468
real_00730.jpg,167,167,398,398
real_00730.jpg,77,244,149,149
real_00731.jpg,86,151,409,409
real_00732.jpg,93,155,390,390
real_00733.jpg,354,167,127,127
real_00733.jpg,125,85,447,447
real_00734.jpg,63,114,432,432
real_00735.jpg,81,158,381,381
real_00735.jpg,88,33,77,77
real_00735.jpg,506,165,58,58
real_00736.jpg,226,195,308,308
real_00737.jpg,113,176,390,390
real_00738.jpg,151,185,373,373
real_00739.jpg,120,166,395,395
real_00740.jpg,18,120,416,416
real_00741.jpg,75,179,398,398
real_00743.jpg,207,462,130,130
real_00743.jpg,76,70,498,498
real_00744.jpg,87,165,392,392
real_00745.jpg,102,140,424,424
real_00746.jpg,95,175,375,375
real_00747.jpg,97,208,352,352
real_00748.jpg,58,187,360,360
real_00749.jpg,47,125,422,422
real_00750.jpg,74,162,418,418
real_00751.jpg,81,157,427,427
real_00752.jpg,149,182,380,380
real_00753.jpg,94,163,393,393
real_00754.jpg,90,143,423,423
real_00755.jpg,74,150,432,432
real_00756.jpg,116,147,394,394
real_00757.jpg,97,167,375,375
real_00758.jpg,44,157,402,402
real_00759.jpg,218,196,330,330
real_00760.jpg,85,168,403,403
real_00761.jpg,71,31,488,488
real_00763.jpg,145,106,449,449
real_00764.jpg,79,117,427,427
real_00765.jpg,50,95,459,459
real_00766.jpg,59,142,403,403
real_00767.jpg,105,141,403,403
real_00768.jpg,129,158,400,400
real_00769.jpg,50,65,403,403
real_00770.jpg,43,146,415,415
real_00771.jpg,110,162,367,367
real_00772.jpg,105,183,399,399
real_00773.jpg,67,154,388,388
real_00774.jpg,102,189,373,373
real_00776.jpg,101,180,404,404
real_00777.jpg,132,143,390,390
real_00778.jpg,163,138,402,402
real_00779.jpg,71,187,374,374
real_00780.jpg,154,189,359,359
real_00781.jpg,78,148,420,420
real_00782.jpg,98,165,379,379
real_00783.jpg,70,39,467,467
real_00784.jpg,107,157,419,419
real_00785.jpg,148,141,393,393
real_00786.jpg,95,126,411,411
real_00787.jpg,16,54,507,507
real_00789.jpg,67,89,413,413
real_00790.jpg,100,167,383,383
real_00791.jpg,82,75,431,431
real_00792.jpg,76,95,449,449
real_00794.jpg,83,129,427,427
real_00795.jpg,140,153,406,406
real_00796.jpg,154,133,391,391
real_00797.jpg,121,124,378,378
real_00799.jpg,65,113,454,454
real_00801.jpg,239,275,199,199
real_00802.jpg,99,124,436,436
real_00803.jpg,108,29,472,472
real_00804.jpg,94,339,231,231
real_00804.jpg,59,196,297,297
real_00805.jpg,118,139,405,405
real_00806.jpg,76,166,382,382
real_00807.jpg,350,171,76,76
real_00808.jpg,139,138,408,408
real_00809.jpg,83,98,411,411
real_00810.jpg,72,154,402,402
real_00811.jpg,89,96,444,444
real_00812.jpg,63,58,483,483
real_00813.jpg,61,83,468,468
real_00814.jpg,56,85,428,428
real_00815.jpg,15,168,401,401
real_00816.jpg,91,156,401,401
real_00817.jpg,130,191,349,349
real_00819.jpg,59,125,415,415
real_00820.jpg,80,110,440,440
real_00821.jpg,162,139,355,355
real_00822.jpg,80,96,424,424
real_00823.jpg,26,393,48,48
real_00823.jpg,105,203,351,351
real_00823.jpg,502,378,71,71
real_00824.jpg,66,141,430,430
real_00825.jpg,44,22,489,489
real_00826.jpg,109,175,355,355
real_00827.jpg,120,141,374,374
real_00828.jpg,124,69,460,460
real_00829.jpg,78,147,426,426
real_00830.jpg,97,155,402,402
real_00831.jpg,78,109,455,455
real_00832.jpg,66,125,419,419
real_00833.jpg,68,53,466,466
real_00834.jpg,130,216,356,356
real_00835.jpg,138,102,407,407
real_00836.jpg,22,80,450,450
real_00837.jpg,471,3,28,28
real_00837.jpg,504,109,68,68
real_00837.jpg,108,223,335,335
real_00838.jpg,55,85,462,462
real_00839.jpg,74,168,404,404
real_00840.jpg,166,146,396,396
real_00841.jpg,45,107,436,436
real_00842.jpg,159,122,390,390
real_00843.jpg,79,182,358,358
real_00844.jpg,150,109,402,402
real_00845.jpg,62,121,387,387
real_00846.jpg,82,118,441,441
real_00847.jpg,55,65,506,506
real_00848.jpg,45,177,337,337
real_00849.jpg,72,122,407,407
real_00850.jpg,115,69,439,439
real_00852.jpg,127,280,61,61
real_00852.jpg,335,324,83,83
real_00853.jpg,184,109,404,404
real_00854.jpg,75,104,437,437
real_00855.jpg,169,106,369,369
real_00856.jpg,69,129,447,447
real_00858.jpg,103,123,426,426
real_00859.jpg,139,164,374,374
real_00860.jpg,46,32,494,494
real_00861.jpg,88,61,469,469
real_00862.jpg,175,178,383,383
real_00863.jpg,110,152,384,384
real_00864.jpg,17,25,64,64
real_00864.jpg,70,142,395,395
real_00865.jpg,30,69,489,489
real_00866.jpg,68,87,445,445
real_00867.jpg,62,46,499,499
real_00867.jpg,214,241,281,281
real_00868.jpg,81,117,421,421
real_00869.jpg,60,35,485,485
real_00871.jpg,75,125,451,451
real_00873.jpg,28,17,526,526
real_00874.jpg,69,160,408,408
real_00875.jpg,529,228,61,61
real_00876.jpg,114,163,412,412
real_00878.jpg,114,169,394,394
real_00879.jpg,128,155,401,401
real_00879.jpg,428,62,54,54
real_00880.jpg,224,326,61,61
real_00881.jpg,67,165,395,395
real_00882.jpg,64,103,454,454
real_00883.jpg,17,156,420,420
real_00884.jpg,156,80,385,385
real_00885.jpg,69,77,488,488
real_00886.jpg,75,130,406,406
real_00887.jpg,79,84,461,461
real_00888.jpg,237,101,138,138
real_00889.jpg,120,177,376,376
real_00890.jpg,58,108,439,439
real_00891.jpg,66,149,351,351
real_00892.jpg,101,88,418,418
real_00893.jpg,143,115,420,420
real_00894.jpg,301,282,74,74
real_00895.jpg,120,314,42,42
real_00895.jpg,133,232,344,344
real_00896.jpg,54,69,440,440
real_00897.jpg,43,187,371,371
real_00897.jpg,62,190,116,116
real_00898.jpg,108,167,380,380
real_00899.jpg,48,151,406,406
real_00900.jpg,127,98,423,423
real_00901.jpg,209,166,149,149
real_00902.jpg,63,83,464,464
real_00903.jpg,109,171,402,402
real_00904.jpg,446,190,57,57
real_00904.jpg,236,500,69,69
real_00905.jpg,502,406,49,49
real_00905.jpg,71,177,362,362
real_00905.jpg,471,253,108,108
real_00906.jpg,99,141,376,376
real_00907.jpg,80,122,390,390
real_00908.jpg,84,132,400,400
real_00909.jpg,78,125,420,420
real_00911.jpg,58,123,456,456
real_00911.jpg,525,233,54,54
real_00912.jpg,91,157,400,400
real_00913.jpg,36,73,518,518
real_00914.jpg,168,130,392,392
real_00915.jpg,54,165,390,390
real_00916.jpg,77,94,450,450
real_00918.jpg,42,39,472,472
real_00919.jpg,124,134,388,388
real_00920.jpg,99,122,450,450
real_00922.jpg,42,157,356,356
real_00922.jpg,440,190,120,120
real_00922.jpg,392,214,160,160
real_00923.jpg,132,259,319,319
real_00924.jpg,27,8,517,517
real_00925.jpg,67,131,413,413
real_00926.jpg,129,205,378,378
real_00927.jpg,189,166,364,364
real_00927.jpg,43,284,101,101
real_00928.jpg,127,182,332,332
real_00929.jpg,435,77,96,96
real_00929.jpg,102,206,378,378
real_00930.jpg,150,152,366,366
real_00930.jpg,75,447,66,66
real_00931.jpg,62,78,473,473
real_00932.jpg,36,64,475,475
real_00933.jpg,89,110,421,421
real_00934.jpg,126,165,411,411
real_00936.jpg,99,136,426,426
real_00937.jpg,97,201,343,343
real_00938.jpg,99,113,438,438
real_00939.jpg,67,50,440,440
real_00940.jpg,97,74,431,431
real_00941.jpg,123,130,421,421
real_00943.jpg,114,196,381,381
real_00944.jpg,31,151,435,435
real_00945.jpg,59,91,466,466
real_00946.jpg,2,273,66,66
real_00948.jpg,56,21,463,463
real_00949.jpg,43,214,48,48
real_00949.jpg,353,296,62,62
real_00949.jpg,501,303,82,82
real_00949.jpg,508,250,62,62
real_00950.jpg,135,172,384,384
real_00951.jpg,17,314,135,135
real_00952.jpg,65,168,57,57
real_00952.jpg,64,12,498,498
real_00953.jpg,276,440,62,62
real_00954.jpg,72,7,508,508
real_00955.jpg,85,148,395,395
real_00956.jpg,172,166,364,364
real_00958.jpg,67,181,407,407
real_00959.jpg,142,112,396,396
real_00960.jpg,97,187,379,379
real_00961.jpg,85,178,383,383
real_00963.jpg,193,172,332,332
real_00964.jpg,57,116,443,443
real_00965.jpg,76,97,441,441
real_00966.jpg,75,9,427,427
real_00967.jpg,61,121,432,432
real_00968.jpg,33,79,456,456
real_00969.jpg,510,100,80,80
real_00970.jpg,31,298,75,75
real_00971.jpg,489,75,65,65
real_00972.jpg,44,75,469,469
real_00973.jpg,157,119,352,352
real_00974.jpg,49,75,456,456
real_00975.jpg,113,103,408,408
real_00976.jpg,106,254,335,335
real_00977.jpg,426,481,113,113
real_00977.jpg,93,52,427,427
real_00978.jpg,50,80,465,465
real_00979.jpg,100,155,400,400
real_00980.jpg,279,113,55,55
real_00980.jpg,22,503,76,76
real_00980.jpg,108,181,26,26
real_00980.jpg,227,503,37,37
real_00981.jpg,117,169,393,393
real_00982.jpg,23,99,453,453
real_00983.jpg,89,96,468,468
real_00985.jpg,82,115,442,442
real_00986.jpg,372,210,183,183
real_00986.jpg,47,171,345,345
real_00987.jpg,57,123,418,418
real_00988.jpg,149,155,419,419
real_00989.jpg,81,170,380,380
real_00990.jpg,162,182,311,311
real_00991.jpg,40,129,407,407
real_00992.jpg,150,121,437,437
real_00993.jpg,185,79,372,372
real_00994.jpg,128,49,458,458
real_00995.jpg,22,68,464,464
real_00996.jpg,25,24,545,545
real_00997.jpg,453,355,49,49
real_00997.jpg,59,124,427,427
real_00997.jpg,451,258,137,137
real_00997.jpg,369,439,37,37
real_00997.jpg,280,420,51,51
real_00997.jpg,60,427,53,53
real_00998.jpg,50,78,466,466
real_00999.jpg,91,107,423,423
real_01000.jpg,69,94,427,427
real_01001.jpg,86,124,422,422
real_01001.jpg,461,22,102,102
real_01002.jpg,54,138,405,405
real_01003.jpg,89,142,404,404
real_01004.jpg,47,61,491,491
real_01006.jpg,53,122,431,431
real_01007(1).jpg,69,52,476,476
real_01007.jpg,69,52,476,476
real_01008.jpg,119,178,368,368
real_01009.jpg,132,155,407,407
real_01010.jpg,35,113,425,425
real_01011.jpg,71,139,433,433
real_01012.jpg,116,51,468,468
real_01013(1).jpg,85,102,60,60
real_01013(1).jpg,168,132,416,416
real_01013.jpg,85,102,60,60
real_01013.jpg,168,132,416,416
real_01015.jpg,74,96,453,453
real_01016.jpg,85,119,411,411
real_01017.jpg,92,93,447,447
real_01018.jpg,93,104,470,470
real_01019.jpg,110,117,461,461
real_01020.jpg,76,178,392,392
real_01021.jpg,92,114,440,440
real_01022.jpg,122,181,358,358
real_01023.jpg,25,119,426,426
real_01024.jpg,59,62,506,506
real_01026.jpg,118,162,394,394
real_01027.jpg,117,87,442,442
real_01028.jpg,82,139,399,399
real_01029.jpg,66,203,377,377
real_01030.jpg,143,160,386,386
real_01031.jpg,136,163,378,378
real_01032.jpg,34,27,483,483
real_01033.jpg,39,139,392,392
real_01034.jpg,124,55,453,453
real_01035.jpg,106,217,372,372
real_01036.jpg,58,167,336,336
real_01037.jpg,151,175,354,354
real_01038.jpg,188,164,350,350
real_01039.jpg,159,119,410,410
real_01040.jpg,110,124,425,425
real_01041.jpg,143,125,407,407
real_01043.jpg,36,132,421,421
real_01044.jpg,168,162,376,376
real_01045.jpg,74,124,411,411
real_01046.jpg,138,173,389,389
real_01048.jpg,67,163,363,363
real_01049.jpg,157,206,348,348
real_01050.jpg,166,175,364,364
real_01051.jpg,65,156,381,381
real_01053.jpg,75,54,461,461
real_01055.jpg,100,167,390,390
real_01056.jpg,113,146,383,383
real_01057.jpg,524,97,67,67
real_01057.jpg,116,159,393,393
real_01058.jpg,85,105,434,434
real_01059.jpg,41,136,400,400
real_01060.jpg,89,129,409,409
real_01061.jpg,95,184,363,363
real_01062.jpg,33,151,366,366
real_01063.jpg,150,214,338,338
real_01064.jpg,112,148,402,402
real_01065.jpg,104,170,402,402
real_01066.jpg,72,108,411,411
real_01067.jpg,234,182,305,305
real_01068.jpg,90,161,388,388
real_01069.jpg,52,200,354,354
real_01070.jpg,92,149,409,409
real_01071.jpg,119,196,377,377
real_01072.jpg,97,158,377,377
real_01072.jpg,75,62,66,66
real_01073.jpg,84,149,408,408
real_01074.jpg,74,96,433,433
real_01075.jpg,94,154,393,393
real_01076.jpg,68,127,429,429
real_01077.jpg,80,161,420,420
real_01078.jpg,70,80,467,467
real_01079.jpg,77,73,465,465
real_01080.jpg,52,91,450,450
